search_term,relevant
garnier vitamin c serum remove pigmentation,False
t4444z,False
handy andy multipurpose with bleach,False
huggies price at boxer,False
mosquito repellent,False
purity and elizabeth anne's products,False
jigsimur jumia,False
hydrogen peroxide skin whitening,False
coke 330ml x 24 price,False
annique specials catalogue,False
product for hyperpigmentation,False
doom fogger reviews,False
inecto hair dye colours for dark hair,False
teeth whitening strips,False
energy drink without caffeine,False
shaving cream for women's private area,False
himalaya almond and cucumber peel off mask,False
knorr soup packets,False
epiduo,False
custom wet wipes for restaurants,False
kiddies roll on south africa,False
shampoo to use for eczema,False
cobra wax polish on wood,False
cockroach killer spray,False
lipikar syndet,False
non comedogenic products,False
28 dias detox,False
lennon products for newborn baby,False
cream that contains hydroquinone,False
gentle magic products at shoprite,False
supplements to help a woman climax,False
drift cockroach killer,False
honey pack in south africa,False
himalaya products,False
boxer huggies dry comfort,False
ponds bright beauty anti pigmentation serum,False
aloe blossom herbal tea benefits,False
dermacell products reviews,False
nuvan fumigation fogger,False
toddler mosquito repellent,False
noodles for 1 year old baby,False
6001108036636,False
sudocrem price at shoprite,False
airwick freshmatic refill,False
кетоконазол шампунь,False
snacks for lunch boxes,False
lumi glow review,False
itching labia majora and minora,False
nutrific weetbix,False
ointment for rashes for adults,False
best face wash for pregnancy acne,False
tea that helps you relax and sleep,False
syrup for energy,False
eczema rash on baby face,False
sugar free cereal for diabetics,False
stretch marks for pregnancy,False
ferrero rocher,False
sweets and snacks factory shop,False
aloe vera aftershave,False
eucerin 3 for 2 specials,False
ngoma umuthi wenzalo,False
power play energy drink,False
hyaluronic acid serum benefits,False
nappy factory shop near me,False
sonrei growth factor sunscreen,False
zinplex junior,False
330ml pepsi,False
hydrogen peroxide for teeth,False
bodycology body mist,False
emulsifying ointment bp biotech,False
bulk reject sweets,False
dry rub for steak,False
fettuccine,False
brown spots on skin during pregnancy,False
herbal medicine for newborn baby,False
skin care sorbet face products,False
carbohydrates drinks,False
gyna guard price at shoprite,False
shampoo with protein for fine hair,False
body lotion for pigmentation and dark spots,False
footsy drink,False
cheese snacks for kids,False
which chips are healthy,False
teeth whitening alternatives,False
which tea is good for blood circulation,False
thc infused drinks,False
hyper metics benefits for skin,False
reusable swimming nappy,False
costa rican tea recipe for weight loss,False
which juice is good for children,False
cream for hyperpigmentation on body,False
birthday present,False
healthy food for hair and skin,False
huggies dry comfort price,False
cortoderm ointment topical corticosteroid,False
which hair dye lasts the longest,False
quinoa,False
protex soap price at shoprite,False
futurelife,False
bulletproof coffee,False
fumigation spray,False
switch energy drink 6 pack,False
medication for foot pain,False
drift cockroach killer pick n pay,False
www isabellagarcia co za,False
medication for constipation in babies,False
cypermethrin,False
weetbix price pick n pay,False
reboost energy drink,False
wig installation kit takealot,False
hydrogen peroxide for teeth whitening,False
mosquito repellent plug in,False
www signature cosmetics co za,False
345 relief cream south africa,False
salt substitutes,False
pellegrino,False
pecan nuts price food lover's market,False
1000 island sauce pick n pay,False
powder for ants to kill ants,False
medication for gum infection,False
which cream is best for hips enlargement,False
zzzquil,False
antibiotics for boil,False
witbix,False
aobenz,False
magalies concentrate,False
motala perfumes durban specials,False
which mask is best for oily skin,False
jc le roux small bottle,False
hair building fibers spray,False
cockroach fumigation,False
all purpose flour pick n pay,False
immediate thrush relief,False
chocolate banana lollipops chupa chups,False
switch immune booster,False
before and after forever aloe vera gel,False
www m scents co za,False
raid max bed bug spray,False
cheap healthy snacks for school,False
aerosol cockroach killer,False
products offered by pierre ecohealth,False
future life for weight gain for babies,False
food with high protein for weight gain,False
oats steel cut vs old fashioned,False
bathroom cleaning liquid,False
order online pick n pay,False
eucerin urea enriched roughness relief cream,False
flour 10kg price at shoprite,False
6009612471226,False
mortein nature guard automatic,False
benzaderm products,False
which vitamin is good for skin,False
gluten free cereal south africa,False
kojic acid and alpha arbutin cream,False
gloot flat tummy tea,False
scrubs for stretch marks,False
mosquito plug refills,False
schweppes granadilla,False
empty tea bags wholesale south africa,False
coke 300ml 24 pack price pick n pay,False
medicine to stop diarrhea for kids,False
marketplace parfum,False
skin products for combination skin,False
tabard mosquito repellent,False
hair dye spray temporary,False
hooch 6 pack,False
cleaning chemicals factory shop johannesburg,False
wart removal pharmacy,False
sulfur facial products,False
high fibre bran sticks,False
products offered by hustling hair fairy,False
weight gaining foods for 1 year baby,False
no sodium no carb foods,False
body scrub for dark inner thighs,False
raid mosquito plug,False
size 2 baby love nappies,False
best body lotion for dry skin dermatologist recommended,False
inner thighs lightening,False
clobevate ointment price in pakistan,False
rich copper inecto,False
flower of sulphur for skin,False
emulsifying ointment,False
sally williams nougat price,False
bioderma photoderm aquafluid spf50,False
body shampoo for fungal infection,False
hydroquinone,False
portia m products prices at shoprite,False
rechargeable aaa batteries,False
battery for wireless microphone,False
complement alimentaire pour maigrir,False
junk food filipino snacks chips,False
lux soap price at shoprite,False
glucose drink for pregnant,False
to get rid of ants,False
cold and flu syrup for kids,False
cosmetic connection kimberley specials,False
medicine for painful teeth,False
dehydrated food for hiking,False
cosmetic connection near pinetown,False
lucozade,False
hydrogen peroxide for skin whitening,False
hemporium westlake,False
glycolic acid cream for dark neck and underarms,False
face serum for glowing skin,False
garlic growers and seed sales,False
skin products for dark spots,False
pastry anti pigmentation roll on,False
philips medicine for babies,False
effective way to get rid of roaches,False
